"PassengerId","Survived","Pclass","Sex","Age","SibSp","Parch","Fare","Embarked","Title"
1,"FALSE","3","male",22,1,0,7.25,"S","Mr"
2,"TRUE","1","female",38,1,0,71.2833,"C","Mrs"
3,"TRUE","3","female",26,0,0,7.925,"S","Miss"
4,"TRUE","1","female",35,1,0,53.1,"S","Mrs"
5,"FALSE","3","male",35,0,0,8.05,"S","Mr"
6,"FALSE","3","male",32.3680904522613,0,0,8.4583,"Q","Mr"
7,"FALSE","1","male",54,0,0,51.8625,"S","Mr"
8,"FALSE","3","male",2,3,1,21.075,"S","Master"
9,"TRUE","3","female",27,0,2,11.1333,"S","Mrs"
10,"TRUE","2","female",14,1,0,30.0708,"C","Mrs"
11,"TRUE","3","female",4,1,1,16.7,"S","Miss"
12,"TRUE","1","female",58,0,0,26.55,"S","Miss"
13,"FALSE","3","male",20,0,0,8.05,"S","Mr"
14,"FALSE","3","male",39,1,5,31.275,"S","Mr"
15,"FALSE","3","female",14,0,0,7.8542,"S","Miss"
16,"TRUE","2","female",55,0,0,16,"S","Mrs"
17,"FALSE","3","male",2,4,1,29.125,"Q","Master"
18,"TRUE","2","male",32.3680904522613,0,0,13,"S","Mr"
19,"FALSE","3","female",31,1,0,18,"S","Mrs"
20,"TRUE","3","female",35.6542056074766,0,0,7.225,"C","Mrs"
21,"FALSE","2","male",35,0,0,26,"S","Mr"
22,"TRUE","2","male",34,0,0,13,"S","Mr"
23,"TRUE","3","female",15,0,0,8.0292,"Q","Miss"
24,"TRUE","1","male",28,0,0,35.5,"S","Mr"
25,"FALSE","3","female",8,3,1,21.075,"S","Miss"
26,"TRUE","3","female",38,1,5,31.3875,"S","Mrs"
27,"FALSE","3","male",32.3680904522613,0,0,7.225,"C","Mr"
28,"FALSE","1","male",19,3,2,263,"S","Mr"
29,"TRUE","3","female",21.6620689655172,0,0,7.8792,"Q","Miss"
30,"FALSE","3","male",32.3680904522613,0,0,7.8958,"S","Mr"
31,"FALSE","1","male",40,0,0,27.7208,"C","Mr"
32,"TRUE","1","female",35.6542056074766,1,0,146.5208,"C","Mrs"
33,"TRUE","3","female",21.6620689655172,0,0,7.75,"Q","Miss"
34,"FALSE","2","male",66,0,0,10.5,"S","Mr"
35,"FALSE","1","male",28,1,0,82.1708,"C","Mr"
36,"FALSE","1","male",42,1,0,52,"S","Mr"
37,"TRUE","3","male",32.3680904522613,0,0,7.2292,"C","Mr"
38,"FALSE","3","male",21,0,0,8.05,"S","Mr"
39,"FALSE","3","female",18,2,0,18,"S","Miss"
40,"TRUE","3","female",14,1,0,11.2417,"C","Miss"
41,"FALSE","3","female",40,1,0,9.475,"S","Mrs"
42,"FALSE","2","female",27,1,0,21,"S","Mrs"
43,"FALSE","3","male",32.3680904522613,0,0,7.8958,"C","Mr"
44,"TRUE","2","female",3,1,2,41.5792,"C","Miss"
45,"TRUE","3","female",19,0,0,7.8792,"Q","Miss"
46,"FALSE","3","male",32.3680904522613,0,0,8.05,"S","Mr"
47,"FALSE","3","male",32.3680904522613,1,0,15.5,"Q","Mr"
48,"TRUE","3","female",21.6620689655172,0,0,7.75,"Q","Miss"
49,"FALSE","3","male",32.3680904522613,2,0,21.6792,"C","Mr"
50,"FALSE","3","female",18,1,0,17.8,"S","Mrs"
51,"FALSE","3","male",7,4,1,39.6875,"S","Master"
52,"FALSE","3","male",21,0,0,7.8,"S","Mr"
53,"TRUE","1","female",49,1,0,76.7292,"C","Mrs"
54,"TRUE","2","female",29,1,0,26,"S","Mrs"
55,"FALSE","1","male",65,0,1,61.9792,"C","Mr"
56,"TRUE","1","male",32.3680904522613,0,0,35.5,"S","Mr"
57,"TRUE","2","female",21,0,0,10.5,"S","Miss"
58,"FALSE","3","male",28.5,0,0,7.2292,"C","Mr"
59,"TRUE","2","female",5,1,2,27.75,"S","Miss"
60,"FALSE","3","male",11,5,2,46.9,"S","Master"
61,"FALSE","3","male",22,0,0,7.2292,"C","Mr"
63,"FALSE","1","male",45,1,0,83.475,"S","Mr"
64,"FALSE","3","male",4,3,2,27.9,"S","Master"
65,"FALSE","1","male",32.3680904522613,0,0,27.7208,"C","Mr"
66,"TRUE","3","male",4.57416666666667,1,1,15.2458,"C","Master"
67,"TRUE","2","female",29,0,0,10.5,"S","Mrs"
68,"FALSE","3","male",19,0,0,8.1583,"S","Mr"
69,"TRUE","3","female",17,0,2,7.925,"S","Miss"
70,"FALSE","3","male",26,2,0,8.6625,"S","Mr"
71,"FALSE","2","male",32,0,0,10.5,"S","Mr"
72,"FALSE","3","female",16,5,2,46.9,"S","Miss"
73,"FALSE","2","male",21,0,0,73.5,"S","Mr"
74,"FALSE","3","male",26,1,0,14.4542,"C","Mr"
75,"TRUE","3","male",32,0,0,56.4958,"S","Mr"
76,"FALSE","3","male",25,0,0,7.65,"S","Mr"
77,"FALSE","3","male",32.3680904522613,0,0,7.8958,"S","Mr"
78,"FALSE","3","male",32.3680904522613,0,0,8.05,"S","Mr"
79,"TRUE","2","male",0.83,0,2,29,"S","Master"
80,"TRUE","3","female",30,0,0,12.475,"S","Miss"
81,"FALSE","3","male",22,0,0,9,"S","Mr"
82,"TRUE","3","male",29,0,0,9.5,"S","Mr"
83,"TRUE","3","female",21.6620689655172,0,0,7.7875,"Q","Miss"
84,"FALSE","1","male",28,0,0,47.1,"S","Mr"
85,"TRUE","2","female",17,0,0,10.5,"S","Miss"
86,"TRUE","3","female",33,3,0,15.85,"S","Mrs"
87,"FALSE","3","male",16,1,3,34.375,"S","Mr"
88,"FALSE","3","male",32.3680904522613,0,0,8.05,"S","Mr"
89,"TRUE","1","female",23,3,2,263,"S","Miss"
90,"FALSE","3","male",24,0,0,8.05,"S","Mr"
91,"FALSE","3","male",29,0,0,8.05,"S","Mr"
92,"FALSE","3","male",20,0,0,7.8542,"S","Mr"
93,"FALSE","1","male",46,1,0,61.175,"S","Mr"
94,"FALSE","3","male",26,1,2,20.575,"S","Mr"
95,"FALSE","3","male",59,0,0,7.25,"S","Mr"
96,"FALSE","3","male",32.3680904522613,0,0,8.05,"S","Mr"
97,"FALSE","1","male",71,0,0,34.6542,"C","Mr"
98,"TRUE","1","male",23,0,1,63.3583,"C","Mr"
99,"TRUE","2","female",34,0,1,23,"S","Mrs"
100,"FALSE","2","male",34,1,0,26,"S","Mr"
101,"FALSE","3","female",28,0,0,7.8958,"S","Miss"
102,"FALSE","3","male",32.3680904522613,0,0,7.8958,"S","Mr"
103,"FALSE","1","male",21,0,1,77.2875,"S","Mr"
104,"FALSE","3","male",33,0,0,8.6542,"S","Mr"
105,"FALSE","3","male",37,2,0,7.925,"S","Mr"
106,"FALSE","3","male",28,0,0,7.8958,"S","Mr"
107,"TRUE","3","female",21,0,0,7.65,"S","Miss"
108,"TRUE","3","male",32.3680904522613,0,0,7.775,"S","Mr"
109,"FALSE","3","male",38,0,0,7.8958,"S","Mr"
110,"TRUE","3","female",21.6620689655172,1,0,24.15,"Q","Miss"
111,"FALSE","1","male",47,0,0,52,"S","Mr"
112,"FALSE","3","female",14.5,1,0,14.4542,"C","Miss"
113,"FALSE","3","male",22,0,0,8.05,"S","Mr"
114,"FALSE","3","female",20,1,0,9.825,"S","Miss"
115,"FALSE","3","female",17,0,0,14.4583,"C","Miss"
116,"FALSE","3","male",21,0,0,7.925,"S","Mr"
117,"FALSE","3","male",70.5,0,0,7.75,"Q","Mr"
118,"FALSE","2","male",29,1,0,21,"S","Mr"
119,"FALSE","1","male",24,0,1,247.5208,"C","Mr"
120,"FALSE","3","female",2,4,2,31.275,"S","Miss"
121,"FALSE","2","male",21,2,0,73.5,"S","Mr"
122,"FALSE","3","male",32.3680904522613,0,0,8.05,"S","Mr"
123,"FALSE","2","male",32.5,1,0,30.0708,"C","Mr"
124,"TRUE","2","female",32.5,0,0,13,"S","Miss"
125,"FALSE","1","male",54,0,1,77.2875,"S","Mr"
126,"TRUE","3","male",12,1,0,11.2417,"C","Master"
127,"FALSE","3","male",32.3680904522613,0,0,7.75,"Q","Mr"
128,"TRUE","3","male",24,0,0,7.1417,"S","Mr"
129,"TRUE","3","female",21.6620689655172,1,1,22.3583,"C","Miss"
130,"FALSE","3","male",45,0,0,6.975,"S","Mr"
131,"FALSE","3","male",33,0,0,7.8958,"C","Mr"
132,"FALSE","3","male",20,0,0,7.05,"S","Mr"
133,"FALSE","3","female",47,1,0,14.5,"S","Mrs"
134,"TRUE","2","female",29,1,0,26,"S","Mrs"
135,"FALSE","2","male",25,0,0,13,"S","Mr"
136,"FALSE","2","male",23,0,0,15.0458,"C","Mr"
137,"TRUE","1","female",19,0,2,26.2833,"S","Miss"
138,"FALSE","1","male",37,1,0,53.1,"S","Mr"
139,"FALSE","3","male",16,0,0,9.2167,"S","Mr"
140,"FALSE","1","male",24,0,0,79.2,"C","Mr"
141,"FALSE","3","female",35.6542056074766,0,2,15.2458,"C","Mrs"
142,"TRUE","3","female",22,0,0,7.75,"S","Miss"
143,"TRUE","3","female",24,1,0,15.85,"S","Mrs"
144,"FALSE","3","male",19,0,0,6.75,"Q","Mr"
145,"FALSE","2","male",18,0,0,11.5,"S","Mr"
146,"FALSE","2","male",19,1,1,36.75,"S","Mr"
147,"TRUE","3","male",27,0,0,7.7958,"S","Mr"
148,"FALSE","3","female",9,2,2,34.375,"S","Miss"
149,"FALSE","2","male",36.5,0,2,26,"S","Mr"
150,"FALSE","2","male",42,0,0,13,"S","Mr"
151,"FALSE","2","male",51,0,0,12.525,"S","Mr"
152,"TRUE","1","female",22,1,0,66.6,"S","Mrs"
153,"FALSE","3","male",55.5,0,0,8.05,"S","Mr"
154,"FALSE","3","male",40.5,0,2,14.5,"S","Mr"
155,"FALSE","3","male",32.3680904522613,0,0,7.3125,"S","Mr"
156,"FALSE","1","male",51,0,1,61.3792,"C","Mr"
157,"TRUE","3","female",16,0,0,7.7333,"Q","Miss"
158,"FALSE","3","male",30,0,0,8.05,"S","Mr"
159,"FALSE","3","male",32.3680904522613,0,0,8.6625,"S","Mr"
160,"FALSE","3","male",4.57416666666667,8,2,69.55,"S","Master"
161,"FALSE","3","male",44,0,1,16.1,"S","Mr"
162,"TRUE","2","female",40,0,0,15.75,"S","Mrs"
163,"FALSE","3","male",26,0,0,7.775,"S","Mr"
164,"FALSE","3","male",17,0,0,8.6625,"S","Mr"
165,"FALSE","3","male",1,4,1,39.6875,"S","Master"
166,"TRUE","3","male",9,0,2,20.525,"S","Master"
167,"TRUE","1","female",35.6542056074766,0,1,55,"S","Mrs"
168,"FALSE","3","female",45,1,4,27.9,"S","Mrs"
169,"FALSE","1","male",32.3680904522613,0,0,25.925,"S","Mr"
170,"FALSE","3","male",28,0,0,56.4958,"S","Mr"
171,"FALSE","1","male",61,0,0,33.5,"S","Mr"
172,"FALSE","3","male",4,4,1,29.125,"Q","Master"
173,"TRUE","3","female",1,1,1,11.1333,"S","Miss"
174,"FALSE","3","male",21,0,0,7.925,"S","Mr"
175,"FALSE","1","male",56,0,0,30.6958,"C","Mr"
176,"FALSE","3","male",18,1,1,7.8542,"S","Mr"
177,"FALSE","3","male",4.57416666666667,3,1,25.4667,"S","Master"
178,"FALSE","1","female",50,0,0,28.7125,"C","Miss"
179,"FALSE","2","male",30,0,0,13,"S","Mr"
180,"FALSE","3","male",36,0,0,0,"S","Mr"
181,"FALSE","3","female",21.6620689655172,8,2,69.55,"S","Miss"
182,"FALSE","2","male",32.3680904522613,0,0,15.05,"C","Mr"
183,"FALSE","3","male",9,4,2,31.3875,"S","Master"
184,"TRUE","2","male",1,2,1,39,"S","Master"
185,"TRUE","3","female",4,0,2,22.025,"S","Miss"
186,"FALSE","1","male",32.3680904522613,0,0,50,"S","Mr"
187,"TRUE","3","female",35.6542056074766,1,0,15.5,"Q","Mrs"
188,"TRUE","1","male",45,0,0,26.55,"S","Mr"
189,"FALSE","3","male",40,1,1,15.5,"Q","Mr"
190,"FALSE","3","male",36,0,0,7.8958,"S","Mr"
191,"TRUE","2","female",32,0,0,13,"S","Mrs"
192,"FALSE","2","male",19,0,0,13,"S","Mr"
193,"TRUE","3","female",19,1,0,7.8542,"S","Miss"
194,"TRUE","2","male",3,1,1,26,"S","Master"
195,"TRUE","1","female",44,0,0,27.7208,"C","Mrs"
196,"TRUE","1","female",58,0,0,146.5208,"C","Miss"
197,"FALSE","3","male",32.3680904522613,0,0,7.75,"Q","Mr"
198,"FALSE","3","male",42,0,1,8.4042,"S","Mr"
199,"TRUE","3","female",21.6620689655172,0,0,7.75,"Q","Miss"
200,"FALSE","2","female",24,0,0,13,"S","Miss"
201,"FALSE","3","male",28,0,0,9.5,"S","Mr"
202,"FALSE","3","male",32.3680904522613,8,2,69.55,"S","Mr"
203,"FALSE","3","male",34,0,0,6.4958,"S","Mr"
204,"FALSE","3","male",45.5,0,0,7.225,"C","Mr"
205,"TRUE","3","male",18,0,0,8.05,"S","Mr"
206,"FALSE","3","female",2,0,1,10.4625,"S","Miss"
207,"FALSE","3","male",32,1,0,15.85,"S","Mr"
208,"TRUE","3","male",26,0,0,18.7875,"C","Mr"
209,"TRUE","3","female",16,0,0,7.75,"Q","Miss"
210,"TRUE","1","male",40,0,0,31,"C","Mr"
211,"FALSE","3","male",24,0,0,7.05,"S","Mr"
212,"TRUE","2","female",35,0,0,21,"S","Miss"
213,"FALSE","3","male",22,0,0,7.25,"S","Mr"
214,"FALSE","2","male",30,0,0,13,"S","Mr"
215,"FALSE","3","male",32.3680904522613,1,0,7.75,"Q","Mr"
216,"TRUE","1","female",31,1,0,113.275,"C","Miss"
217,"TRUE","3","female",27,0,0,7.925,"S","Miss"
218,"FALSE","2","male",42,1,0,27,"S","Mr"
219,"TRUE","1","female",32,0,0,76.2917,"C","Miss"
220,"FALSE","2","male",30,0,0,10.5,"S","Mr"
221,"TRUE","3","male",16,0,0,8.05,"S","Mr"
222,"FALSE","2","male",27,0,0,13,"S","Mr"
223,"FALSE","3","male",51,0,0,8.05,"S","Mr"
224,"FALSE","3","male",32.3680904522613,0,0,7.8958,"S","Mr"
225,"TRUE","1","male",38,1,0,90,"S","Mr"
226,"FALSE","3","male",22,0,0,9.35,"S","Mr"
227,"TRUE","2","male",19,0,0,10.5,"S","Mr"
228,"FALSE","3","male",20.5,0,0,7.25,"S","Mr"
229,"FALSE","2","male",18,0,0,13,"S","Mr"
230,"FALSE","3","female",21.6620689655172,3,1,25.4667,"S","Miss"
231,"TRUE","1","female",35,1,0,83.475,"S","Mrs"
232,"FALSE","3","male",29,0,0,7.775,"S","Mr"
233,"FALSE","2","male",59,0,0,13.5,"S","Mr"
234,"TRUE","3","female",5,4,2,31.3875,"S","Miss"
235,"FALSE","2","male",24,0,0,10.5,"S","Mr"
236,"FALSE","3","female",21.6620689655172,0,0,7.55,"S","Miss"
237,"FALSE","2","male",44,1,0,26,"S","Mr"
238,"TRUE","2","female",8,0,2,26.25,"S","Miss"
239,"FALSE","2","male",19,0,0,10.5,"S","Mr"
240,"FALSE","2","male",33,0,0,12.275,"S","Mr"
241,"FALSE","3","female",21.6620689655172,1,0,14.4542,"C","Miss"
242,"TRUE","3","female",21.6620689655172,1,0,15.5,"Q","Miss"
243,"FALSE","2","male",29,0,0,10.5,"S","Mr"
244,"FALSE","3","male",22,0,0,7.125,"S","Mr"
245,"FALSE","3","male",30,0,0,7.225,"C","Mr"
246,"FALSE","1","male",44,2,0,90,"Q","Mr"
247,"FALSE","3","female",25,0,0,7.775,"S","Miss"
248,"TRUE","2","female",24,0,2,14.5,"S","Mrs"
249,"TRUE","1","male",37,1,1,52.5542,"S","Mr"
250,"FALSE","2","male",54,1,0,26,"S","Mr"
251,"FALSE","3","male",32.3680904522613,0,0,7.25,"S","Mr"
252,"FALSE","3","female",29,1,1,10.4625,"S","Mrs"
253,"FALSE","1","male",62,0,0,26.55,"S","Mr"
254,"FALSE","3","male",30,1,0,16.1,"S","Mr"
255,"FALSE","3","female",41,0,2,20.2125,"S","Mrs"
256,"TRUE","3","female",29,0,2,15.2458,"C","Mrs"
257,"TRUE","1","female",35.6542056074766,0,0,79.2,"C","Mrs"
258,"TRUE","1","female",30,0,0,86.5,"S","Miss"
259,"TRUE","1","female",35,0,0,512.3292,"C","Miss"
260,"TRUE","2","female",50,0,1,26,"S","Mrs"
261,"FALSE","3","male",32.3680904522613,0,0,7.75,"Q","Mr"
262,"TRUE","3","male",3,4,2,31.3875,"S","Master"
263,"FALSE","1","male",52,1,1,79.65,"S","Mr"
264,"FALSE","1","male",40,0,0,0,"S","Mr"
265,"FALSE","3","female",21.6620689655172,0,0,7.75,"Q","Miss"
266,"FALSE","2","male",36,0,0,10.5,"S","Mr"
267,"FALSE","3","male",16,4,1,39.6875,"S","Mr"
268,"TRUE","3","male",25,1,0,7.775,"S","Mr"
269,"TRUE","1","female",58,0,1,153.4625,"S","Mrs"
270,"TRUE","1","female",35,0,0,135.6333,"S","Miss"
271,"FALSE","1","male",32.3680904522613,0,0,31,"S","Mr"
272,"TRUE","3","male",25,0,0,0,"S","Mr"
273,"TRUE","2","female",41,0,1,19.5,"S","Mrs"
274,"FALSE","1","male",37,0,1,29.7,"C","Mr"
275,"TRUE","3","female",21.6620689655172,0,0,7.75,"Q","Miss"
276,"TRUE","1","female",63,1,0,77.9583,"S","Miss"
277,"FALSE","3","female",45,0,0,7.75,"S","Miss"
278,"FALSE","2","male",32.3680904522613,0,0,0,"S","Mr"
279,"FALSE","3","male",7,4,1,29.125,"Q","Master"
280,"TRUE","3","female",35,1,1,20.25,"S","Mrs"
281,"FALSE","3","male",65,0,0,7.75,"Q","Mr"
282,"FALSE","3","male",28,0,0,7.8542,"S","Mr"
283,"FALSE","3","male",16,0,0,9.5,"S","Mr"
284,"TRUE","3","male",19,0,0,8.05,"S","Mr"
285,"FALSE","1","male",32.3680904522613,0,0,26,"S","Mr"
286,"FALSE","3","male",33,0,0,8.6625,"C","Mr"
287,"TRUE","3","male",30,0,0,9.5,"S","Mr"
288,"FALSE","3","male",22,0,0,7.8958,"S","Mr"
289,"TRUE","2","male",42,0,0,13,"S","Mr"
290,"TRUE","3","female",22,0,0,7.75,"Q","Miss"
291,"TRUE","1","female",26,0,0,78.85,"S","Miss"
292,"TRUE","1","female",19,1,0,91.0792,"C","Mrs"
293,"FALSE","2","male",36,0,0,12.875,"C","Mr"
294,"FALSE","3","female",24,0,0,8.85,"S","Miss"
295,"FALSE","3","male",24,0,0,7.8958,"S","Mr"
296,"FALSE","1","male",32.3680904522613,0,0,27.7208,"C","Mr"
297,"FALSE","3","male",23.5,0,0,7.2292,"C","Mr"
298,"FALSE","1","female",2,1,2,151.55,"S","Miss"
299,"TRUE","1","male",32.3680904522613,0,0,30.5,"S","Mr"
300,"TRUE","1","female",50,0,1,247.5208,"C","Mrs"
301,"TRUE","3","female",21.6620689655172,0,0,7.75,"Q","Miss"
302,"TRUE","3","male",32.3680904522613,2,0,23.25,"Q","Mr"
303,"FALSE","3","male",19,0,0,0,"S","Mr"
304,"TRUE","2","female",21.6620689655172,0,0,12.35,"Q","Miss"
305,"FALSE","3","male",32.3680904522613,0,0,8.05,"S","Mr"
306,"TRUE","1","male",0.92,1,2,151.55,"S","Master"
307,"TRUE","1","female",21.6620689655172,0,0,110.8833,"C","Miss"
308,"TRUE","1","female",17,1,0,108.9,"C","Mrs"
309,"FALSE","2","male",30,1,0,24,"C","Mr"
310,"TRUE","1","female",30,0,0,56.9292,"C","Miss"
311,"TRUE","1","female",24,0,0,83.1583,"C","Miss"
312,"TRUE","1","female",18,2,2,262.375,"C","Miss"
313,"FALSE","2","female",26,1,1,26,"S","Mrs"
314,"FALSE","3","male",28,0,0,7.8958,"S","Mr"
315,"FALSE","2","male",43,1,1,26.25,"S","Mr"
316,"TRUE","3","female",26,0,0,7.8542,"S","Miss"
317,"TRUE","2","female",24,1,0,26,"S","Mrs"
318,"FALSE","2","male",54,0,0,14,"S","Mr"
319,"TRUE","1","female",31,0,2,164.8667,"S","Miss"
320,"TRUE","1","female",40,1,1,134.5,"C","Mrs"
321,"FALSE","3","male",22,0,0,7.25,"S","Mr"
322,"FALSE","3","male",27,0,0,7.8958,"S","Mr"
323,"TRUE","2","female",30,0,0,12.35,"Q","Miss"
324,"TRUE","2","female",22,1,1,29,"S","Mrs"
325,"FALSE","3","male",32.3680904522613,8,2,69.55,"S","Mr"
326,"TRUE","1","female",36,0,0,135.6333,"C","Miss"
327,"FALSE","3","male",61,0,0,6.2375,"S","Mr"
328,"TRUE","2","female",36,0,0,13,"S","Mrs"
329,"TRUE","3","female",31,1,1,20.525,"S","Mrs"
330,"TRUE","1","female",16,0,1,57.9792,"C","Miss"
331,"TRUE","3","female",21.6620689655172,2,0,23.25,"Q","Miss"
332,"FALSE","1","male",45.5,0,0,28.5,"S","Mr"
333,"FALSE","1","male",38,0,1,153.4625,"S","Mr"
334,"FALSE","3","male",16,2,0,18,"S","Mr"
335,"TRUE","1","female",35.6542056074766,1,0,133.65,"S","Mrs"
336,"FALSE","3","male",32.3680904522613,0,0,7.8958,"S","Mr"
337,"FALSE","1","male",29,1,0,66.6,"S","Mr"
338,"TRUE","1","female",41,0,0,134.5,"C","Miss"
339,"TRUE","3","male",45,0,0,8.05,"S","Mr"
340,"FALSE","1","male",45,0,0,35.5,"S","Mr"
341,"TRUE","2","male",2,1,1,26,"S","Master"
342,"TRUE","1","female",24,3,2,263,"S","Miss"
343,"FALSE","2","male",28,0,0,13,"S","Mr"
344,"FALSE","2","male",25,0,0,13,"S","Mr"
345,"FALSE","2","male",36,0,0,13,"S","Mr"
346,"TRUE","2","female",24,0,0,13,"S","Miss"
347,"TRUE","2","female",40,0,0,13,"S","Miss"
348,"TRUE","3","female",35.6542056074766,1,0,16.1,"S","Mrs"
349,"TRUE","3","male",3,1,1,15.9,"S","Master"
350,"FALSE","3","male",42,0,0,8.6625,"S","Mr"
351,"FALSE","3","male",23,0,0,9.225,"S","Mr"
352,"FALSE","1","male",32.3680904522613,0,0,35,"S","Mr"
353,"FALSE","3","male",15,1,1,7.2292,"C","Mr"
354,"FALSE","3","male",25,1,0,17.8,"S","Mr"
355,"FALSE","3","male",32.3680904522613,0,0,7.225,"C","Mr"
356,"FALSE","3","male",28,0,0,9.5,"S","Mr"
357,"TRUE","1","female",22,0,1,55,"S","Miss"
358,"FALSE","2","female",38,0,0,13,"S","Miss"
359,"TRUE","3","female",21.6620689655172,0,0,7.8792,"Q","Miss"
360,"TRUE","3","female",21.6620689655172,0,0,7.8792,"Q","Miss"
361,"FALSE","3","male",40,1,4,27.9,"S","Mr"
362,"FALSE","2","male",29,1,0,27.7208,"C","Mr"
363,"FALSE","3","female",45,0,1,14.4542,"C","Mrs"
364,"FALSE","3","male",35,0,0,7.05,"S","Mr"
365,"FALSE","3","male",32.3680904522613,1,0,15.5,"Q","Mr"
366,"FALSE","3","male",30,0,0,7.25,"S","Mr"
367,"TRUE","1","female",60,1,0,75.25,"C","Mrs"
368,"TRUE","3","female",35.6542056074766,0,0,7.2292,"C","Mrs"
369,"TRUE","3","female",21.6620689655172,0,0,7.75,"Q","Miss"
370,"TRUE","1","female",24,0,0,69.3,"C","Mrs"
371,"TRUE","1","male",25,1,0,55.4417,"C","Mr"
372,"FALSE","3","male",18,1,0,6.4958,"S","Mr"
373,"FALSE","3","male",19,0,0,8.05,"S","Mr"
374,"FALSE","1","male",22,0,0,135.6333,"C","Mr"
375,"FALSE","3","female",3,3,1,21.075,"S","Miss"
376,"TRUE","1","female",35.6542056074766,1,0,82.1708,"C","Mrs"
377,"TRUE","3","female",22,0,0,7.25,"S","Miss"
378,"FALSE","1","male",27,0,2,211.5,"C","Mr"
379,"FALSE","3","male",20,0,0,4.0125,"C","Mr"
380,"FALSE","3","male",19,0,0,7.775,"S","Mr"
381,"TRUE","1","female",42,0,0,227.525,"C","Miss"
382,"TRUE","3","female",1,0,2,15.7417,"C","Miss"
383,"FALSE","3","male",32,0,0,7.925,"S","Mr"
384,"TRUE","1","female",35,1,0,52,"S","Mrs"
385,"FALSE","3","male",32.3680904522613,0,0,7.8958,"S","Mr"
386,"FALSE","2","male",18,0,0,73.5,"S","Mr"
387,"FALSE","3","male",1,5,2,46.9,"S","Master"
388,"TRUE","2","female",36,0,0,13,"S","Miss"
389,"FALSE","3","male",32.3680904522613,0,0,7.7292,"Q","Mr"
390,"TRUE","2","female",17,0,0,12,"C","Miss"
391,"TRUE","1","male",36,1,2,120,"S","Mr"
392,"TRUE","3","male",21,0,0,7.7958,"S","Mr"
393,"FALSE","3","male",28,2,0,7.925,"S","Mr"
394,"TRUE","1","female",23,1,0,113.275,"C","Miss"
395,"TRUE","3","female",24,0,2,16.7,"S","Mrs"
396,"FALSE","3","male",22,0,0,7.7958,"S","Mr"
397,"FALSE","3","female",31,0,0,7.8542,"S","Miss"
398,"FALSE","2","male",46,0,0,26,"S","Mr"
399,"FALSE","2","male",23,0,0,10.5,"S","Mr"
400,"TRUE","2","female",28,0,0,12.65,"S","Mrs"
401,"TRUE","3","male",39,0,0,7.925,"S","Mr"
402,"FALSE","3","male",26,0,0,8.05,"S","Mr"
403,"FALSE","3","female",21,1,0,9.825,"S","Miss"
404,"FALSE","3","male",28,1,0,15.85,"S","Mr"
405,"FALSE","3","female",20,0,0,8.6625,"S","Miss"
406,"FALSE","2","male",34,1,0,21,"S","Mr"
407,"FALSE","3","male",51,0,0,7.75,"S","Mr"
408,"TRUE","2","male",3,1,1,18.75,"S","Master"
409,"FALSE","3","male",21,0,0,7.775,"S","Mr"
410,"FALSE","3","female",21.6620689655172,3,1,25.4667,"S","Miss"
411,"FALSE","3","male",32.3680904522613,0,0,7.8958,"S","Mr"
412,"FALSE","3","male",32.3680904522613,0,0,6.8583,"Q","Mr"
413,"TRUE","1","female",33,1,0,90,"Q","Miss"
414,"FALSE","2","male",32.3680904522613,0,0,0,"S","Mr"
415,"TRUE","3","male",44,0,0,7.925,"S","Mr"
416,"FALSE","3","female",35.6542056074766,0,0,8.05,"S","Mrs"
417,"TRUE","2","female",34,1,1,32.5,"S","Mrs"
418,"TRUE","2","female",18,0,2,13,"S","Miss"
419,"FALSE","2","male",30,0,0,13,"S","Mr"
420,"FALSE","3","female",10,0,2,24.15,"S","Miss"
421,"FALSE","3","male",32.3680904522613,0,0,7.8958,"C","Mr"
422,"FALSE","3","male",21,0,0,7.7333,"Q","Mr"
423,"FALSE","3","male",29,0,0,7.875,"S","Mr"
424,"FALSE","3","female",28,1,1,14.4,"S","Mrs"
425,"FALSE","3","male",18,1,1,20.2125,"S","Mr"
426,"FALSE","3","male",32.3680904522613,0,0,7.25,"S","Mr"
427,"TRUE","2","female",28,1,0,26,"S","Mrs"
428,"TRUE","2","female",19,0,0,26,"S","Miss"
429,"FALSE","3","male",32.3680904522613,0,0,7.75,"Q","Mr"
430,"TRUE","3","male",32,0,0,8.05,"S","Mr"
431,"TRUE","1","male",28,0,0,26.55,"S","Mr"
432,"TRUE","3","female",35.6542056074766,1,0,16.1,"S","Mrs"
433,"TRUE","2","female",42,1,0,26,"S","Mrs"
434,"FALSE","3","male",17,0,0,7.125,"S","Mr"
435,"FALSE","1","male",50,1,0,55.9,"S","Mr"
436,"TRUE","1","female",14,1,2,120,"S","Miss"
437,"FALSE","3","female",21,2,2,34.375,"S","Miss"
438,"TRUE","2","female",24,2,3,18.75,"S","Mrs"
439,"FALSE","1","male",64,1,4,263,"S","Mr"
440,"FALSE","2","male",31,0,0,10.5,"S","Mr"
441,"TRUE","2","female",45,1,1,26.25,"S","Mrs"
442,"FALSE","3","male",20,0,0,9.5,"S","Mr"
443,"FALSE","3","male",25,1,0,7.775,"S","Mr"
444,"TRUE","2","female",28,0,0,13,"S","Miss"
445,"TRUE","3","male",32.3680904522613,0,0,8.1125,"S","Mr"
446,"TRUE","1","male",4,0,2,81.8583,"S","Master"
447,"TRUE","2","female",13,0,1,19.5,"S","Miss"
448,"TRUE","1","male",34,0,0,26.55,"S","Mr"
449,"TRUE","3","female",5,2,1,19.2583,"C","Miss"
450,"TRUE","1","male",52,0,0,30.5,"S","Mr"
451,"FALSE","2","male",36,1,2,27.75,"S","Mr"
452,"FALSE","3","male",32.3680904522613,1,0,19.9667,"S","Mr"
453,"FALSE","1","male",30,0,0,27.75,"C","Mr"
454,"TRUE","1","male",49,1,0,89.1042,"C","Mr"
455,"FALSE","3","male",32.3680904522613,0,0,8.05,"S","Mr"
456,"TRUE","3","male",29,0,0,7.8958,"C","Mr"
457,"FALSE","1","male",65,0,0,26.55,"S","Mr"
458,"TRUE","1","female",35.6542056074766,1,0,51.8625,"S","Mrs"
459,"TRUE","2","female",50,0,0,10.5,"S","Miss"
460,"FALSE","3","male",32.3680904522613,0,0,7.75,"Q","Mr"
461,"TRUE","1","male",48,0,0,26.55,"S","Mr"
462,"FALSE","3","male",34,0,0,8.05,"S","Mr"
463,"FALSE","1","male",47,0,0,38.5,"S","Mr"
464,"FALSE","2","male",48,0,0,13,"S","Mr"
465,"FALSE","3","male",32.3680904522613,0,0,8.05,"S","Mr"
466,"FALSE","3","male",38,0,0,7.05,"S","Mr"
467,"FALSE","2","male",32.3680904522613,0,0,0,"S","Mr"
468,"FALSE","1","male",56,0,0,26.55,"S","Mr"
469,"FALSE","3","male",32.3680904522613,0,0,7.725,"Q","Mr"
470,"TRUE","3","female",0.75,2,1,19.2583,"C","Miss"
471,"FALSE","3","male",32.3680904522613,0,0,7.25,"S","Mr"
472,"FALSE","3","male",38,0,0,8.6625,"S","Mr"
473,"TRUE","2","female",33,1,2,27.75,"S","Mrs"
474,"TRUE","2","female",23,0,0,13.7917,"C","Mrs"
475,"FALSE","3","female",22,0,0,9.8375,"S","Miss"
476,"FALSE","1","male",32.3680904522613,0,0,52,"S","Mr"
477,"FALSE","2","male",34,1,0,21,"S","Mr"
478,"FALSE","3","male",29,1,0,7.0458,"S","Mr"
479,"FALSE","3","male",22,0,0,7.5208,"S","Mr"
480,"TRUE","3","female",2,0,1,12.2875,"S","Miss"
481,"FALSE","3","male",9,5,2,46.9,"S","Master"
482,"FALSE","2","male",32.3680904522613,0,0,0,"S","Mr"
483,"FALSE","3","male",50,0,0,8.05,"S","Mr"
484,"TRUE","3","female",63,0,0,9.5875,"S","Mrs"
485,"TRUE","1","male",25,1,0,91.0792,"C","Mr"
486,"FALSE","3","female",21.6620689655172,3,1,25.4667,"S","Miss"
487,"TRUE","1","female",35,1,0,90,"S","Mrs"
488,"FALSE","1","male",58,0,0,29.7,"C","Mr"
489,"FALSE","3","male",30,0,0,8.05,"S","Mr"
490,"TRUE","3","male",9,1,1,15.9,"S","Master"
491,"FALSE","3","male",32.3680904522613,1,0,19.9667,"S","Mr"
492,"FALSE","3","male",21,0,0,7.25,"S","Mr"
493,"FALSE","1","male",55,0,0,30.5,"S","Mr"
494,"FALSE","1","male",71,0,0,49.5042,"C","Mr"
495,"FALSE","3","male",21,0,0,8.05,"S","Mr"
496,"FALSE","3","male",32.3680904522613,0,0,14.4583,"C","Mr"
497,"TRUE","1","female",54,1,0,78.2667,"C","Miss"
498,"FALSE","3","male",32.3680904522613,0,0,15.1,"S","Mr"
499,"FALSE","1","female",25,1,2,151.55,"S","Mrs"
500,"FALSE","3","male",24,0,0,7.7958,"S","Mr"
501,"FALSE","3","male",17,0,0,8.6625,"S","Mr"
502,"FALSE","3","female",21,0,0,7.75,"Q","Miss"
503,"FALSE","3","female",21.6620689655172,0,0,7.6292,"Q","Miss"
504,"FALSE","3","female",37,0,0,9.5875,"S","Miss"
505,"TRUE","1","female",16,0,0,86.5,"S","Miss"
506,"FALSE","1","male",18,1,0,108.9,"C","Mr"
507,"TRUE","2","female",33,0,2,26,"S","Mrs"
508,"TRUE","1","male",32.3680904522613,0,0,26.55,"S","Mr"
509,"FALSE","3","male",28,0,0,22.525,"S","Mr"
510,"TRUE","3","male",26,0,0,56.4958,"S","Mr"
511,"TRUE","3","male",29,0,0,7.75,"Q","Mr"
512,"FALSE","3","male",32.3680904522613,0,0,8.05,"S","Mr"
513,"TRUE","1","male",36,0,0,26.2875,"S","Mr"
514,"TRUE","1","female",54,1,0,59.4,"C","Mrs"
515,"FALSE","3","male",24,0,0,7.4958,"S","Mr"
516,"FALSE","1","male",47,0,0,34.0208,"S","Mr"
517,"TRUE","2","female",34,0,0,10.5,"S","Mrs"
518,"FALSE","3","male",32.3680904522613,0,0,24.15,"Q","Mr"
519,"TRUE","2","female",36,1,0,26,"S","Mrs"
520,"FALSE","3","male",32,0,0,7.8958,"S","Mr"
521,"TRUE","1","female",30,0,0,93.5,"S","Miss"
522,"FALSE","3","male",22,0,0,7.8958,"S","Mr"
523,"FALSE","3","male",32.3680904522613,0,0,7.225,"C","Mr"
524,"TRUE","1","female",44,0,1,57.9792,"C","Mrs"
525,"FALSE","3","male",32.3680904522613,0,0,7.2292,"C","Mr"
526,"FALSE","3","male",40.5,0,0,7.75,"Q","Mr"
527,"TRUE","2","female",50,0,0,10.5,"S","Miss"
528,"FALSE","1","male",32.3680904522613,0,0,221.7792,"S","Mr"
529,"FALSE","3","male",39,0,0,7.925,"S","Mr"
530,"FALSE","2","male",23,2,1,11.5,"S","Mr"
531,"TRUE","2","female",2,1,1,26,"S","Miss"
532,"FALSE","3","male",32.3680904522613,0,0,7.2292,"C","Mr"
533,"FALSE","3","male",17,1,1,7.2292,"C","Mr"
534,"TRUE","3","female",35.6542056074766,0,2,22.3583,"C","Mrs"
535,"FALSE","3","female",30,0,0,8.6625,"S","Miss"
536,"TRUE","2","female",7,0,2,26.25,"S","Miss"
537,"FALSE","1","male",45,0,0,26.55,"S","Mr"
538,"TRUE","1","female",30,0,0,106.425,"C","Miss"
539,"FALSE","3","male",32.3680904522613,0,0,14.5,"S","Mr"
540,"TRUE","1","female",22,0,2,49.5,"C","Miss"
541,"TRUE","1","female",36,0,2,71,"S","Miss"
542,"FALSE","3","female",9,4,2,31.275,"S","Miss"
543,"FALSE","3","female",11,4,2,31.275,"S","Miss"
544,"TRUE","2","male",32,1,0,26,"S","Mr"
545,"FALSE","1","male",50,1,0,106.425,"C","Mr"
546,"FALSE","1","male",64,0,0,26,"S","Mr"
547,"TRUE","2","female",19,1,0,26,"S","Mrs"
548,"TRUE","2","male",32.3680904522613,0,0,13.8625,"C","Mr"
549,"FALSE","3","male",33,1,1,20.525,"S","Mr"
550,"TRUE","2","male",8,1,1,36.75,"S","Master"
551,"TRUE","1","male",17,0,2,110.8833,"C","Mr"
552,"FALSE","2","male",27,0,0,26,"S","Mr"
553,"FALSE","3","male",32.3680904522613,0,0,7.8292,"Q","Mr"
554,"TRUE","3","male",22,0,0,7.225,"C","Mr"
555,"TRUE","3","female",22,0,0,7.775,"S","Miss"
556,"FALSE","1","male",62,0,0,26.55,"S","Mr"
557,"TRUE","1","female",48,1,0,39.6,"C","Miss"
558,"FALSE","1","male",32.3680904522613,0,0,227.525,"C","Mr"
559,"TRUE","1","female",39,1,1,79.65,"S","Mrs"
560,"TRUE","3","female",36,1,0,17.4,"S","Mrs"
561,"FALSE","3","male",32.3680904522613,0,0,7.75,"Q","Mr"
562,"FALSE","3","male",40,0,0,7.8958,"S","Mr"
563,"FALSE","2","male",28,0,0,13.5,"S","Mr"
564,"FALSE","3","male",32.3680904522613,0,0,8.05,"S","Mr"
565,"FALSE","3","female",21.6620689655172,0,0,8.05,"S","Miss"
566,"FALSE","3","male",24,2,0,24.15,"S","Mr"
567,"FALSE","3","male",19,0,0,7.8958,"S","Mr"
568,"FALSE","3","female",29,0,4,21.075,"S","Mrs"
569,"FALSE","3","male",32.3680904522613,0,0,7.2292,"C","Mr"
570,"TRUE","3","male",32,0,0,7.8542,"S","Mr"
571,"TRUE","2","male",62,0,0,10.5,"S","Mr"
572,"TRUE","1","female",53,2,0,51.4792,"S","Mrs"
573,"TRUE","1","male",36,0,0,26.3875,"S","Mr"
574,"TRUE","3","female",21.6620689655172,0,0,7.75,"Q","Miss"
575,"FALSE","3","male",16,0,0,8.05,"S","Mr"
576,"FALSE","3","male",19,0,0,14.5,"S","Mr"
577,"TRUE","2","female",34,0,0,13,"S","Miss"
578,"TRUE","1","female",39,1,0,55.9,"S","Mrs"
579,"FALSE","3","female",35.6542056074766,1,0,14.4583,"C","Mrs"
580,"TRUE","3","male",32,0,0,7.925,"S","Mr"
581,"TRUE","2","female",25,1,1,30,"S","Miss"
582,"TRUE","1","female",39,1,1,110.8833,"C","Mrs"
583,"FALSE","2","male",54,0,0,26,"S","Mr"
584,"FALSE","1","male",36,0,0,40.125,"C","Mr"
585,"FALSE","3","male",32.3680904522613,0,0,8.7125,"C","Mr"
586,"TRUE","1","female",18,0,2,79.65,"S","Miss"
587,"FALSE","2","male",47,0,0,15,"S","Mr"
588,"TRUE","1","male",60,1,1,79.2,"C","Mr"
589,"FALSE","3","male",22,0,0,8.05,"S","Mr"
590,"FALSE","3","male",32.3680904522613,0,0,8.05,"S","Mr"
591,"FALSE","3","male",35,0,0,7.125,"S","Mr"
592,"TRUE","1","female",52,1,0,78.2667,"C","Mrs"
593,"FALSE","3","male",47,0,0,7.25,"S","Mr"
594,"FALSE","3","female",21.6620689655172,0,2,7.75,"Q","Miss"
595,"FALSE","2","male",37,1,0,26,"S","Mr"
596,"FALSE","3","male",36,1,1,24.15,"S","Mr"
597,"TRUE","2","female",21.6620689655172,0,0,33,"S","Miss"
598,"FALSE","3","male",49,0,0,0,"S","Mr"
599,"FALSE","3","male",32.3680904522613,0,0,7.225,"C","Mr"
600,"TRUE","1","male",49,1,0,56.9292,"C","Mr"
601,"TRUE","2","female",24,2,1,27,"S","Mrs"
602,"FALSE","3","male",32.3680904522613,0,0,7.8958,"S","Mr"
603,"FALSE","1","male",32.3680904522613,0,0,42.4,"S","Mr"
604,"FALSE","3","male",44,0,0,8.05,"S","Mr"
605,"TRUE","1","male",35,0,0,26.55,"C","Mr"
606,"FALSE","3","male",36,1,0,15.55,"S","Mr"
607,"FALSE","3","male",30,0,0,7.8958,"S","Mr"
608,"TRUE","1","male",27,0,0,30.5,"S","Mr"
609,"TRUE","2","female",22,1,2,41.5792,"C","Mrs"
610,"TRUE","1","female",40,0,0,153.4625,"S","Miss"
611,"FALSE","3","female",39,1,5,31.275,"S","Mrs"
612,"FALSE","3","male",32.3680904522613,0,0,7.05,"S","Mr"
613,"TRUE","3","female",21.6620689655172,1,0,15.5,"Q","Miss"
614,"FALSE","3","male",32.3680904522613,0,0,7.75,"Q","Mr"
615,"FALSE","3","male",35,0,0,8.05,"S","Mr"
616,"TRUE","2","female",24,1,2,65,"S","Miss"
617,"FALSE","3","male",34,1,1,14.4,"S","Mr"
618,"FALSE","3","female",26,1,0,16.1,"S","Mrs"
619,"TRUE","2","female",4,2,1,39,"S","Miss"
620,"FALSE","2","male",26,0,0,10.5,"S","Mr"
621,"FALSE","3","male",27,1,0,14.4542,"C","Mr"
622,"TRUE","1","male",42,1,0,52.5542,"S","Mr"
623,"TRUE","3","male",20,1,1,15.7417,"C","Mr"
624,"FALSE","3","male",21,0,0,7.8542,"S","Mr"
625,"FALSE","3","male",21,0,0,16.1,"S","Mr"
626,"FALSE","1","male",61,0,0,32.3208,"S","Mr"
627,"FALSE","2","male",57,0,0,12.35,"Q","Mr"
628,"TRUE","1","female",21,0,0,77.9583,"S","Miss"
629,"FALSE","3","male",26,0,0,7.8958,"S","Mr"
630,"FALSE","3","male",32.3680904522613,0,0,7.7333,"Q","Mr"
631,"TRUE","1","male",80,0,0,30,"S","Mr"
632,"FALSE","3","male",51,0,0,7.0542,"S","Mr"
633,"TRUE","1","male",32,0,0,30.5,"C","Mr"
634,"FALSE","1","male",32.3680904522613,0,0,0,"S","Mr"
635,"FALSE","3","female",9,3,2,27.9,"S","Miss"
636,"TRUE","2","female",28,0,0,13,"S","Miss"
637,"FALSE","3","male",32,0,0,7.925,"S","Mr"
638,"FALSE","2","male",31,1,1,26.25,"S","Mr"
639,"FALSE","3","female",41,0,5,39.6875,"S","Mrs"
640,"FALSE","3","male",32.3680904522613,1,0,16.1,"S","Mr"
641,"FALSE","3","male",20,0,0,7.8542,"S","Mr"
642,"TRUE","1","female",24,0,0,69.3,"C","Miss"
643,"FALSE","3","female",2,3,2,27.9,"S","Miss"
644,"TRUE","3","male",32.3680904522613,0,0,56.4958,"S","Mr"
645,"TRUE","3","female",0.75,2,1,19.2583,"C","Miss"
646,"TRUE","1","male",48,1,0,76.7292,"C","Mr"
647,"FALSE","3","male",19,0,0,7.8958,"S","Mr"
648,"TRUE","1","male",56,0,0,35.5,"C","Mr"
649,"FALSE","3","male",32.3680904522613,0,0,7.55,"S","Mr"
650,"TRUE","3","female",23,0,0,7.55,"S","Miss"
651,"FALSE","3","male",32.3680904522613,0,0,7.8958,"S","Mr"
652,"TRUE","2","female",18,0,1,23,"S","Miss"
653,"FALSE","3","male",21,0,0,8.4333,"S","Mr"
654,"TRUE","3","female",21.6620689655172,0,0,7.8292,"Q","Miss"
655,"FALSE","3","female",18,0,0,6.75,"Q","Miss"
656,"FALSE","2","male",24,2,0,73.5,"S","Mr"
657,"FALSE","3","male",32.3680904522613,0,0,7.8958,"S","Mr"
658,"FALSE","3","female",32,1,1,15.5,"Q","Mrs"
659,"FALSE","2","male",23,0,0,13,"S","Mr"
660,"FALSE","1","male",58,0,2,113.275,"C","Mr"
661,"TRUE","1","male",50,2,0,133.65,"S","Mr"
662,"FALSE","3","male",40,0,0,7.225,"C","Mr"
663,"FALSE","1","male",47,0,0,25.5875,"S","Mr"
664,"FALSE","3","male",36,0,0,7.4958,"S","Mr"
665,"TRUE","3","male",20,1,0,7.925,"S","Mr"
666,"FALSE","2","male",32,2,0,73.5,"S","Mr"
667,"FALSE","2","male",25,0,0,13,"S","Mr"
668,"FALSE","3","male",32.3680904522613,0,0,7.775,"S","Mr"
669,"FALSE","3","male",43,0,0,8.05,"S","Mr"
670,"TRUE","1","female",35.6542056074766,1,0,52,"S","Mrs"
671,"TRUE","2","female",40,1,1,39,"S","Mrs"
672,"FALSE","1","male",31,1,0,52,"S","Mr"
673,"FALSE","2","male",70,0,0,10.5,"S","Mr"
674,"TRUE","2","male",31,0,0,13,"S","Mr"
675,"FALSE","2","male",32.3680904522613,0,0,0,"S","Mr"
676,"FALSE","3","male",18,0,0,7.775,"S","Mr"
677,"FALSE","3","male",24.5,0,0,8.05,"S","Mr"
678,"TRUE","3","female",18,0,0,9.8417,"S","Miss"
679,"FALSE","3","female",43,1,6,46.9,"S","Mrs"
680,"TRUE","1","male",36,0,1,512.3292,"C","Mr"
681,"FALSE","3","female",21.6620689655172,0,0,8.1375,"Q","Miss"
682,"TRUE","1","male",27,0,0,76.7292,"C","Mr"
683,"FALSE","3","male",20,0,0,9.225,"S","Mr"
684,"FALSE","3","male",14,5,2,46.9,"S","Mr"
685,"FALSE","2","male",60,1,1,39,"S","Mr"
686,"FALSE","2","male",25,1,2,41.5792,"C","Mr"
687,"FALSE","3","male",14,4,1,39.6875,"S","Mr"
688,"FALSE","3","male",19,0,0,10.1708,"S","Mr"
689,"FALSE","3","male",18,0,0,7.7958,"S","Mr"
690,"TRUE","1","female",15,0,1,211.3375,"S","Miss"
691,"TRUE","1","male",31,1,0,57,"S","Mr"
692,"TRUE","3","female",4,0,1,13.4167,"C","Miss"
693,"TRUE","3","male",32.3680904522613,0,0,56.4958,"S","Mr"
694,"FALSE","3","male",25,0,0,7.225,"C","Mr"
695,"FALSE","1","male",60,0,0,26.55,"S","Mr"
696,"FALSE","2","male",52,0,0,13.5,"S","Mr"
697,"FALSE","3","male",44,0,0,8.05,"S","Mr"
698,"TRUE","3","female",21.6620689655172,0,0,7.7333,"Q","Miss"
699,"FALSE","1","male",49,1,1,110.8833,"C","Mr"
700,"FALSE","3","male",42,0,0,7.65,"S","Mr"
701,"TRUE","1","female",18,1,0,227.525,"C","Mrs"
702,"TRUE","1","male",35,0,0,26.2875,"S","Mr"
703,"FALSE","3","female",18,0,1,14.4542,"C","Miss"
704,"FALSE","3","male",25,0,0,7.7417,"Q","Mr"
705,"FALSE","3","male",26,1,0,7.8542,"S","Mr"
706,"FALSE","2","male",39,0,0,26,"S","Mr"
707,"TRUE","2","female",45,0,0,13.5,"S","Mrs"
708,"TRUE","1","male",42,0,0,26.2875,"S","Mr"
709,"TRUE","1","female",22,0,0,151.55,"S","Miss"
710,"TRUE","3","male",4.57416666666667,1,1,15.2458,"C","Master"
711,"TRUE","1","female",24,0,0,49.5042,"C","Miss"
712,"FALSE","1","male",32.3680904522613,0,0,26.55,"S","Mr"
713,"TRUE","1","male",48,1,0,52,"S","Mr"
714,"FALSE","3","male",29,0,0,9.4833,"S","Mr"
715,"FALSE","2","male",52,0,0,13,"S","Mr"
716,"FALSE","3","male",19,0,0,7.65,"S","Mr"
717,"TRUE","1","female",38,0,0,227.525,"C","Miss"
718,"TRUE","2","female",27,0,0,10.5,"S","Miss"
719,"FALSE","3","male",32.3680904522613,0,0,15.5,"Q","Mr"
720,"FALSE","3","male",33,0,0,7.775,"S","Mr"
721,"TRUE","2","female",6,0,1,33,"S","Miss"
722,"FALSE","3","male",17,1,0,7.0542,"S","Mr"
723,"FALSE","2","male",34,0,0,13,"S","Mr"
724,"FALSE","2","male",50,0,0,13,"S","Mr"
725,"TRUE","1","male",27,1,0,53.1,"S","Mr"
726,"FALSE","3","male",20,0,0,8.6625,"S","Mr"
727,"TRUE","2","female",30,3,0,21,"S","Mrs"
728,"TRUE","3","female",21.6620689655172,0,0,7.7375,"Q","Miss"
729,"FALSE","2","male",25,1,0,26,"S","Mr"
730,"FALSE","3","female",25,1,0,7.925,"S","Miss"
731,"TRUE","1","female",29,0,0,211.3375,"S","Miss"
732,"FALSE","3","male",11,0,0,18.7875,"C","Mr"
733,"FALSE","2","male",32.3680904522613,0,0,0,"S","Mr"
734,"FALSE","2","male",23,0,0,13,"S","Mr"
735,"FALSE","2","male",23,0,0,13,"S","Mr"
736,"FALSE","3","male",28.5,0,0,16.1,"S","Mr"
737,"FALSE","3","female",48,1,3,34.375,"S","Mrs"
738,"TRUE","1","male",35,0,0,512.3292,"C","Mr"
739,"FALSE","3","male",32.3680904522613,0,0,7.8958,"S","Mr"
740,"FALSE","3","male",32.3680904522613,0,0,7.8958,"S","Mr"
741,"TRUE","1","male",32.3680904522613,0,0,30,"S","Mr"
742,"FALSE","1","male",36,1,0,78.85,"S","Mr"
743,"TRUE","1","female",21,2,2,262.375,"C","Miss"
744,"FALSE","3","male",24,1,0,16.1,"S","Mr"
745,"TRUE","3","male",31,0,0,7.925,"S","Mr"
746,"FALSE","1","male",70,1,1,71,"S","Mr"
747,"FALSE","3","male",16,1,1,20.25,"S","Mr"
748,"TRUE","2","female",30,0,0,13,"S","Miss"
749,"FALSE","1","male",19,1,0,53.1,"S","Mr"
750,"FALSE","3","male",31,0,0,7.75,"Q","Mr"
751,"TRUE","2","female",4,1,1,23,"S","Miss"
752,"TRUE","3","male",6,0,1,12.475,"S","Master"
753,"FALSE","3","male",33,0,0,9.5,"S","Mr"
754,"FALSE","3","male",23,0,0,7.8958,"S","Mr"
755,"TRUE","2","female",48,1,2,65,"S","Mrs"
756,"TRUE","2","male",0.67,1,1,14.5,"S","Master"
757,"FALSE","3","male",28,0,0,7.7958,"S","Mr"
758,"FALSE","2","male",18,0,0,11.5,"S","Mr"
759,"FALSE","3","male",34,0,0,8.05,"S","Mr"
760,"TRUE","1","female",33,0,0,86.5,"S","Mrs"
761,"FALSE","3","male",32.3680904522613,0,0,14.5,"S","Mr"
762,"FALSE","3","male",41,0,0,7.125,"S","Mr"
763,"TRUE","3","male",20,0,0,7.2292,"C","Mr"
764,"TRUE","1","female",36,1,2,120,"S","Mrs"
765,"FALSE","3","male",16,0,0,7.775,"S","Mr"
766,"TRUE","1","female",51,1,0,77.9583,"S","Mrs"
767,"FALSE","1","male",42,0,0,39.6,"C","Mr"
768,"FALSE","3","female",30.5,0,0,7.75,"Q","Miss"
769,"FALSE","3","male",32.3680904522613,1,0,24.15,"Q","Mr"
770,"FALSE","3","male",32,0,0,8.3625,"S","Mr"
771,"FALSE","3","male",24,0,0,9.5,"S","Mr"
772,"FALSE","3","male",48,0,0,7.8542,"S","Mr"
773,"FALSE","2","female",57,0,0,10.5,"S","Mrs"
774,"FALSE","3","male",32.3680904522613,0,0,7.225,"C","Mr"
775,"TRUE","2","female",54,1,3,23,"S","Mrs"
776,"FALSE","3","male",18,0,0,7.75,"S","Mr"
777,"FALSE","3","male",32.3680904522613,0,0,7.75,"Q","Mr"
778,"TRUE","3","female",5,0,0,12.475,"S","Miss"
779,"FALSE","3","male",32.3680904522613,0,0,7.7375,"Q","Mr"
780,"TRUE","1","female",43,0,1,211.3375,"S","Mrs"
781,"TRUE","3","female",13,0,0,7.2292,"C","Miss"
782,"TRUE","1","female",17,1,0,57,"S","Mrs"
783,"FALSE","1","male",29,0,0,30,"S","Mr"
784,"FALSE","3","male",32.3680904522613,1,2,23.45,"S","Mr"
785,"FALSE","3","male",25,0,0,7.05,"S","Mr"
786,"FALSE","3","male",25,0,0,7.25,"S","Mr"
787,"TRUE","3","female",18,0,0,7.4958,"S","Miss"
788,"FALSE","3","male",8,4,1,29.125,"Q","Master"
789,"TRUE","3","male",1,1,2,20.575,"S","Master"
790,"FALSE","1","male",46,0,0,79.2,"C","Mr"
791,"FALSE","3","male",32.3680904522613,0,0,7.75,"Q","Mr"
792,"FALSE","2","male",16,0,0,26,"S","Mr"
793,"FALSE","3","female",21.6620689655172,8,2,69.55,"S","Miss"
794,"FALSE","1","male",32.3680904522613,0,0,30.6958,"C","Mr"
795,"FALSE","3","male",25,0,0,7.8958,"S","Mr"
796,"FALSE","2","male",39,0,0,13,"S","Mr"
797,"TRUE","1","female",49,0,0,25.9292,"S","Mr"
798,"TRUE","3","female",31,0,0,8.6833,"S","Mrs"
799,"FALSE","3","male",30,0,0,7.2292,"C","Mr"
800,"FALSE","3","female",30,1,1,24.15,"S","Mrs"
801,"FALSE","2","male",34,0,0,13,"S","Mr"
802,"TRUE","2","female",31,1,1,26.25,"S","Mrs"
803,"TRUE","1","male",11,1,2,120,"S","Master"
804,"TRUE","3","male",0.42,0,1,8.5167,"C","Master"
805,"TRUE","3","male",27,0,0,6.975,"S","Mr"
806,"FALSE","3","male",31,0,0,7.775,"S","Mr"
807,"FALSE","1","male",39,0,0,0,"S","Mr"
808,"FALSE","3","female",18,0,0,7.775,"S","Miss"
809,"FALSE","2","male",39,0,0,13,"S","Mr"
810,"TRUE","1","female",33,1,0,53.1,"S","Mrs"
811,"FALSE","3","male",26,0,0,7.8875,"S","Mr"
812,"FALSE","3","male",39,0,0,24.15,"S","Mr"
813,"FALSE","2","male",35,0,0,10.5,"S","Mr"
814,"FALSE","3","female",6,4,2,31.275,"S","Miss"
815,"FALSE","3","male",30.5,0,0,8.05,"S","Mr"
816,"FALSE","1","male",32.3680904522613,0,0,0,"S","Mr"
817,"FALSE","3","female",23,0,0,7.925,"S","Miss"
818,"FALSE","2","male",31,1,1,37.0042,"C","Mr"
819,"FALSE","3","male",43,0,0,6.45,"S","Mr"
820,"FALSE","3","male",10,3,2,27.9,"S","Master"
821,"TRUE","1","female",52,1,1,93.5,"S","Mrs"
822,"TRUE","3","male",27,0,0,8.6625,"S","Mr"
823,"FALSE","1","male",38,0,0,0,"S","Mr"
824,"TRUE","3","female",27,0,1,12.475,"S","Mrs"
825,"FALSE","3","male",2,4,1,39.6875,"S","Master"
826,"FALSE","3","male",32.3680904522613,0,0,6.95,"Q","Mr"
827,"FALSE","3","male",32.3680904522613,0,0,56.4958,"S","Mr"
828,"TRUE","2","male",1,0,2,37.0042,"C","Master"
829,"TRUE","3","male",32.3680904522613,0,0,7.75,"Q","Mr"
831,"TRUE","3","female",15,1,0,14.4542,"C","Mrs"
832,"TRUE","2","male",0.83,1,1,18.75,"S","Master"
833,"FALSE","3","male",32.3680904522613,0,0,7.2292,"C","Mr"
834,"FALSE","3","male",23,0,0,7.8542,"S","Mr"
835,"FALSE","3","male",18,0,0,8.3,"S","Mr"
836,"TRUE","1","female",39,1,1,83.1583,"C","Miss"
837,"FALSE","3","male",21,0,0,8.6625,"S","Mr"
838,"FALSE","3","male",32.3680904522613,0,0,8.05,"S","Mr"
839,"TRUE","3","male",32,0,0,56.4958,"S","Mr"
840,"TRUE","1","male",32.3680904522613,0,0,29.7,"C","Mr"
841,"FALSE","3","male",20,0,0,7.925,"S","Mr"
842,"FALSE","2","male",16,0,0,10.5,"S","Mr"
843,"TRUE","1","female",30,0,0,31,"C","Miss"
844,"FALSE","3","male",34.5,0,0,6.4375,"C","Mr"
845,"FALSE","3","male",17,0,0,8.6625,"S","Mr"
846,"FALSE","3","male",42,0,0,7.55,"S","Mr"
847,"FALSE","3","male",32.3680904522613,8,2,69.55,"S","Mr"
848,"FALSE","3","male",35,0,0,7.8958,"C","Mr"
849,"FALSE","2","male",28,0,1,33,"S","Mr"
850,"TRUE","1","female",35.6542056074766,1,0,89.1042,"C","Mrs"
851,"FALSE","3","male",4,4,2,31.275,"S","Master"
852,"FALSE","3","male",74,0,0,7.775,"S","Mr"
853,"FALSE","3","female",9,1,1,15.2458,"C","Miss"
854,"TRUE","1","female",16,0,1,39.4,"S","Miss"
855,"FALSE","2","female",44,1,0,26,"S","Mrs"
856,"TRUE","3","female",18,0,1,9.35,"S","Mrs"
857,"TRUE","1","female",45,1,1,164.8667,"S","Mrs"
858,"TRUE","1","male",51,0,0,26.55,"S","Mr"
859,"TRUE","3","female",24,0,3,19.2583,"C","Mrs"
860,"FALSE","3","male",32.3680904522613,0,0,7.2292,"C","Mr"
861,"FALSE","3","male",41,2,0,14.1083,"S","Mr"
862,"FALSE","2","male",21,1,0,11.5,"S","Mr"
863,"TRUE","1","female",48,0,0,25.9292,"S","Mrs"
864,"FALSE","3","female",21.6620689655172,8,2,69.55,"S","Miss"
865,"FALSE","2","male",24,0,0,13,"S","Mr"
866,"TRUE","2","female",42,0,0,13,"S","Mrs"
867,"TRUE","2","female",27,1,0,13.8583,"C","Miss"
868,"FALSE","1","male",31,0,0,50.4958,"S","Mr"
869,"FALSE","3","male",32.3680904522613,0,0,9.5,"S","Mr"
870,"TRUE","3","male",4,1,1,11.1333,"S","Master"
871,"FALSE","3","male",26,0,0,7.8958,"S","Mr"
872,"TRUE","1","female",47,1,1,52.5542,"S","Mrs"
873,"FALSE","1","male",33,0,0,5,"S","Mr"
874,"FALSE","3","male",47,0,0,9,"S","Mr"
875,"TRUE","2","female",28,1,0,24,"C","Mrs"
876,"TRUE","3","female",15,0,0,7.225,"C","Miss"
877,"FALSE","3","male",20,0,0,9.8458,"S","Mr"
878,"FALSE","3","male",19,0,0,7.8958,"S","Mr"
879,"FALSE","3","male",32.3680904522613,0,0,7.8958,"S","Mr"
880,"TRUE","1","female",56,0,1,83.1583,"C","Mrs"
881,"TRUE","2","female",25,0,1,26,"S","Mrs"
882,"FALSE","3","male",33,0,0,7.8958,"S","Mr"
883,"FALSE","3","female",22,0,0,10.5167,"S","Miss"
884,"FALSE","2","male",28,0,0,10.5,"S","Mr"
885,"FALSE","3","male",25,0,0,7.05,"S","Mr"
886,"FALSE","3","female",39,0,5,29.125,"Q","Mrs"
887,"FALSE","2","male",27,0,0,13,"S","Mr"
888,"TRUE","1","female",19,0,0,30,"S","Miss"
889,"FALSE","3","female",21.6620689655172,1,2,23.45,"S","Miss"
890,"TRUE","1","male",26,0,0,30,"C","Mr"
891,"FALSE","3","male",32,0,0,7.75,"Q","Mr"
